city,state
east rancho dominguez,california
clinton,mississippi
nanuet,new york
sand springs,oklahoma
middle river,maryland
carbondale,illinois
boise,idaho
las vegas,nevada
denver,colorado
hagerstown,maryland
venice,florida
moreno valley,california
mamaroneck,new york
bartow,florida
bensonhurst,new york
edgewater,florida
dallas,texas
benton,arkansas
lake havasu city,arizona
new south memphis,tennessee
north glendale,california
santee,california
shawnee,oklahoma
north augusta,south carolina
brownwood,texas
methuen,massachusetts
allapattah,florida
white oak,maryland
university place,washington
muncie,indiana
naperville,illinois
hollywood,florida
richmond west,florida
bellmore,new york
pine bluff,arkansas
natick,massachusetts
silver lake,california
ridgecrest,california
parkland,washington
aberdeen,washington
cohoes,new york
harlingen,texas
ennis,texas
north la crosse,wisconsin
commerce city,colorado
racine,wisconsin
carmel,indiana
fairview park,ohio
queen creek,arizona
southglenn,colorado
wentzville,missouri
pinecrest,florida
kingston,new york
syracuse,new york
el cajon,california
champaign,illinois
stevens point,wisconsin
san luis,arizona
livingston,new jersey
santa maria,california
fort leonard wood,missouri
west elkridge,maryland
new iberia,louisiana
elk grove,california
smithtown,new york
greensboro,north carolina
garden grove,california
emporia,kansas
sun valley,nevada
wheeling,west virginia
troy,ohio
irving,connecticut
cornelius,north carolina
east cleveland,ohio
upland,california
porterville,california
rock island,illinois
prattville,alabama
aloha,oregon
durham,north carolina
lynnwood,washington
dunwoody,georgia
east new york,new york
santa clara,california
homestead,florida
borough of queens,new york
woodland,california
pennsauken,new jersey
marrero,louisiana
meadow woods,florida
godfrey,illinois
apache junction,arizona
oak grove,oregon
surprise,arizona
lake oswego,oregon
goleta,california
tullahoma,tennessee
kinston,north carolina
vernon hills,illinois
agoura,california
grants pass,oregon
topeka,kansas
west new york,new jersey
grand forks,north dakota
cedar falls,iowa
minot,north dakota
carrollton,georgia
west little river,florida
huntington beach,california
newark,ohio
bellflower,california
wilmington island,georgia
country club,florida
hazleton,pennsylvania
burton,michigan
eureka,california
vincennes,indiana
monroe,washington
kernersville,north carolina
clayton,missouri
chester,pennsylvania
caldwell,idaho
cloverleaf,texas
brandon,mississippi
mishawaka,indiana
winter springs,florida
clarksville,indiana
west warwick,rhode island
dunedin,florida
eldersburg,maryland
orland park,illinois
palm valley,florida
holly springs,north carolina
maplewood,new jersey
carrboro,north carolina
escondido,california
xenia,ohio
santa clarita,california
vicksburg,mississippi
farmers branch,texas
mill creek,washington
naples,florida
cedar hill,texas
indian trail,north carolina
shrewsbury,massachusetts
mead valley,california
crown point,indiana
blythe,california
centerville,utah
bothell,washington
american fork,utah
casselberry,florida
chesterfield,missouri
north olmsted,ohio
rocky mount,north carolina
americus,georgia
madera,california
port washington,new york
branford,connecticut
chickasha,oklahoma
south bradenton,florida
oxnard shores,california
huntley,illinois
scottsdale,arizona
palm coast,florida
homewood,alabama
berwyn,illinois
huber heights,ohio
bay village,ohio
eagle pass,texas
plainview,texas
gloversville,new york
south portland,maine
wantagh,new york
staten island,new york
angleton,texas
woodburn,oregon
rockville,maryland
monterey park,california
montclair,new jersey
brockton,massachusetts
cincinnati,ohio
somerset,new jersey
bentonville,arkansas
elgin,illinois
south elgin,illinois
rockland,massachusetts
bensenville,illinois
san francisco,california
mukilteo,washington
merritt island,florida
avocado heights,california
corpus christi,texas
altamonte springs,florida
ellicott city,maryland
north royalton,ohio
toms river,new jersey
forrest city,arkansas
kihei,hawaii
colonia,new jersey
prairieville,louisiana
south valley,new mexico
waipahu,hawaii
florin,california
rio linda,california
highlands ranch,colorado
crest hill,illinois
yarmouth,massachusetts
augusta,georgia
bremerton,washington
lavergne,tennessee
millcreek,utah
evanston,illinois
de pere,wisconsin
paducah,kentucky
fremont,california
four corners,oregon
lenexa,kansas
covington,washington
mustang,oklahoma
calexico,california
barstow,california
ferndale,michigan
oklahoma city,oklahoma
magna,utah
tahlequah,oklahoma
el dorado,arkansas
mcalester,oklahoma
levittown,new york
south whittier,california
huntington,new york
mcminnville,oregon
irondequoit,new york
debary,florida
westfield,massachusetts
castaic,california
villa park,illinois
erlanger,kentucky
bryan,texas
san jose,california
matthews,north carolina
maryville,tennessee
oroville,california
weirton,west virginia
poinciana,florida
south peabody,massachusetts
rohnert park,california
north kingstown,rhode island
spanish lake,missouri
hobart,indiana
rahway,new jersey
navarre,florida
harker heights,texas
kenosha,wisconsin
west babylon,new york
marshalltown,iowa
madison,new jersey
warrensburg,missouri
boulder city,nevada
colleyville,texas
winchester,kentucky
lafayette,louisiana
parsippany,new jersey
orchards,washington
center point,alabama
crofton,maryland
royal palm beach,florida
herriman,utah
east patchogue,new york
west torrington,connecticut
the crossings,florida
everett,massachusetts
austin,minnesota
tamarac,florida
arroyo grande,california
fort lauderdale,florida
norfolk,nebraska
valparaiso,indiana
new rochelle,new york
vandalia,ohio
casas adobes,arizona
taunton,massachusetts
morgan hill,california
council bluffs,iowa
cottage lake,washington
bethesda,maryland
centereach,new york
urbana,illinois
hays,kansas
lomita,california
ilchester,maryland
webster groves,missouri
southfield,michigan
lawton,oklahoma
carol city,florida
north bethesda,maryland
lake magdalene,florida
rio rico,arizona
avon center,ohio
skokie,illinois
logan,utah
amarillo,texas
shoreline,washington
coppell,texas
pearl river,new york
titusville,florida
orem,utah
cary,illinois
fairview heights,illinois
acworth,georgia
golden,colorado
gardner,kansas
lombard,illinois
dania beach,florida
maple heights,ohio
casa de oro-mount helix,california
brownsville,florida
chicago,illinois
largo,florida
papillion,nebraska
menomonee falls,wisconsin
jacksonville beach,florida
hopkinsville,kentucky
ocala,florida
defiance,ohio
texarkana,arkansas
warwick,rhode island
bonita springs,florida
garner,north carolina
vineyard,california
great falls,montana
downey,california
west haven,connecticut
goose creek,south carolina
menasha,wisconsin
fountain valley,california
evansville,indiana
radcliff,kentucky
tampa,florida
sherman oaks,california
aliso viejo,california
belvidere,illinois
lithia springs,georgia
russellville,arkansas
swansea,massachusetts
ferguson,missouri
tigard,oregon
bradenton,florida
geneva,illinois
salt lake city,utah
grove city,ohio
calverton,maryland
eastpointe,michigan
fallbrook,california
payson,arizona
melrose,massachusetts
palm desert,california
state college,pennsylvania
marion,ohio
rochester,new york
milledgeville,georgia
new smyrna beach,florida
severn,maryland
columbus,georgia
junction city,kansas
west valley city,utah
sudbury,massachusetts
hauppauge,new york
greeley,colorado
altus,oklahoma
pompano beach,florida
mountain view,california
manhattan,new york
south lake tahoe,california
wausau,wisconsin
ridgewood,new jersey
hacienda heights,california
miami gardens,florida
belton,missouri
wooster,ohio
sunnyvale,california
channelview,texas
waukesha,wisconsin
fishers,indiana
brighton,colorado
calhoun,georgia
fort hood,texas
owings mills,maryland
lauderdale lakes,florida
roosevelt,new york
east independence,missouri
juneau,alaska
golden gate,florida
foster city,california
kalispell,montana
south hadley,massachusetts
findlay,ohio
huntington station,new york
trussville,alabama
baldwin park,california
prairie village,kansas
laporte,indiana
newport,rhode island
lebanon,tennessee
south holland,illinois
albuquerque,new mexico
hattiesburg,mississippi
chowchilla,california
sun city west,arizona
lincoln park,michigan
carlsbad,new mexico
tallahassee,florida
buenaventura lakes,florida
ceres,california
mercer island,washington
talladega,alabama
fairland,maryland
san dimas,california
rapid city,south dakota
newburg,kentucky
brent,florida
yuma,arizona
northridge,california
paragould,arkansas
west gulfport,mississippi
euless,texas
lake stevens,washington
goodings grove,illinois
bel air south,maryland
haltom city,texas
camp springs,maryland
troutdale,oregon
national city,california
edinburg,texas
point pleasant,new jersey
la grange,illinois
socorro mission number 1 colonia,texas
cape girardeau,missouri
upper saint clair,pennsylvania
florence,alabama
bridgewater,new jersey
raymore,missouri
new berlin,wisconsin
dearborn heights,michigan
detroit,michigan
flint,michigan
tulare,california
marlboro,new jersey
castro valley,california
lino lakes,minnesota
calumet city,illinois
peekskill,new york
mequon,wisconsin
roseville,california
fort hunt,virginia
reisterstown,maryland
moorhead,minnesota
mooresville,north carolina
natchitoches,louisiana
agawam,massachusetts
crestview,florida
willingboro,new jersey
hoffman estates,illinois
sterling heights,michigan
cliffside park,new jersey
nashua,new hampshire
madison heights,michigan
new york city,new york
palmetto bay,florida
dundalk,maryland
calabasas,california
olney,maryland
maryland heights,missouri
lewiston orchards,idaho
newnan,georgia
glen burnie,maryland
sun prairie,wisconsin
cockeysville,maryland
north creek,washington
derby,kansas
coconut creek,florida
murfreesboro,tennessee
parker,colorado
arbutus,maryland
loveland,colorado
susanville,california
chalmette,louisiana
saint cloud,florida
edison,new jersey
cedar rapids,iowa
beaumont,texas
flowing wells,arizona
patterson,california
summit,new jersey
pinewood,florida
owosso,michigan
antelope,california
greer,south carolina
jackson,michigan
dodge city,kansas
ponte vedra beach,florida
palatine,illinois
la crosse,wisconsin
columbia heights,minnesota
pinellas park,florida
chico,california
kuna,idaho
gretna,louisiana
ewing,new jersey
parole,maryland
hannibal,missouri
hillsboro,oregon
alamogordo,new mexico
carol stream,illinois
willoughby,ohio
south bend,indiana
pacific grove,california
jamaica plain,massachusetts
griffith,indiana
north bellmore,new york
south euclid,ohio
valley stream,new york
o'fallon,illinois
onalaska,wisconsin
crawfordsville,indiana
aldine,texas
post falls,idaho
rexburg,idaho
ponca city,oklahoma
kaysville,utah
st. marys,georgia
shenandoah,louisiana
westbury,new york
wasco,california
maitland,florida
fortuna foothills,arizona
frankfort,kentucky
battle creek,michigan
paterson,new jersey
tualatin,oregon
murrysville,pennsylvania
balch springs,texas
rio rancho,new mexico
selden,new york
jersey city,new jersey
chandler,arizona
fort walton beach,florida
new milford,new jersey
newberg,oregon
affton,missouri
kaneohe,hawaii
hinesville,georgia
lexington-fayette,kentucky
nutley,new jersey
pekin,illinois
summerville,south carolina
lake forest,illinois
glendale,california
flower mound,texas
fond du lac,wisconsin
ruston,louisiana
valrico,florida
melrose park,illinois
radnor,pennsylvania
shelbyville,indiana
henderson,north carolina
raleigh,north carolina
schaumburg,illinois
perry hall,maryland
west bloomfield township,michigan
terrytown,louisiana
rancho cordova,california
bella vista,arkansas
olive branch,mississippi
cocoa,florida
longview,washington
hamtramck,michigan
randallstown,maryland
hesperia,california
five corners,washington
east brainerd,tennessee
mineola,new york
opa-locka,florida
littleton,colorado
south jordan heights,utah
albemarle,north carolina
gillette,wyoming
north platte,nebraska
montgomery,alabama
north highlands,california
brea,california
south miami heights,florida
avenal,california
lancaster,ohio
brownsburg,indiana
ormond beach,florida
coos bay,oregon
pembroke pines,florida
claremore,oklahoma
gastonia,north carolina
east saint louis,illinois
sterling,illinois
lake worth corridor,florida
selma,california
seven oaks,south carolina
rancho mirage,california
wake forest,north carolina
gahanna,ohio
richmond,kentucky
park forest,illinois
wethersfield,connecticut
douglasville,georgia
laurel,mississippi
homer glen,illinois
fountain,colorado
san marcos,california
copiague,new york
matteson,illinois
north tonawanda,new york
stockton,california
statesboro,georgia
fargo,north dakota
west lake stevens,washington
corona,california
cutler bay,florida
seaside,california
shively,kentucky
hemet,california
billerica,massachusetts
amesbury,massachusetts
spring valley,new york
chino,california
great bend,kansas
bossier city,louisiana
windsor,colorado
riverside,ohio
limerick,pennsylvania
blaine,minnesota
paramount,california
lynbrook,new york
eggertsville,new york
ballwin,missouri
gresham,oregon
saint charles,missouri
saint matthews,kentucky
nashville,tennessee
north babylon,new york
holtsville,new york
southchase,florida
sanger,california
eloy,arizona
daly city,california
bedford,new hampshire
kennewick,washington
cranston,rhode island
garden city,new york
wellesley,massachusetts
ypsilanti,michigan
tinton falls,new jersey
alamo,texas
bryn mawr-skyway,washington
roswell,georgia
blue island,illinois
west bend,wisconsin
alvin,texas
culver city,california
hoboken,new jersey
atascocita,texas
ridgeland,mississippi
wheaton,maryland
east millcreek,utah
ashwaubenon,wisconsin
west lafayette,indiana
worcester,massachusetts
rocky river,ohio
keystone,florida
fayetteville,georgia
laconia,new hampshire
rosemont,california
spanish springs,nevada
fruit cove,florida
opelousas,louisiana
jeffersontown,kentucky
banning,california
lacey,washington
oakdale,minnesota
tucson,arizona
mcdonough,georgia
mahwah,new jersey
providence,rhode island
rochester hills,michigan
north salt lake,utah
liberty,missouri
san lorenzo,california
ludlow,massachusetts
macon,georgia
georgetown,texas
schererville,indiana
sikeston,missouri
jamestown,new york
eau claire,wisconsin
lauderhill,florida
metairie terrace,louisiana
fitchburg,wisconsin
acton,massachusetts
westerly,rhode island
west chester,pennsylvania
denison,texas
diamond bar,california
goldsboro,north carolina
chambersburg,pennsylvania
merrick,new york
dolton,illinois
hendersonville,tennessee
vero beach south,florida
redford,michigan
broomfield,colorado
canoga park,california
del city,oklahoma
shorewood,illinois
kingsport,tennessee
akron,ohio
ensley,florida
mount vernon,new york
piscataway,new jersey
ellensburg,washington
cahokia,illinois
kissimmee,florida
dothan,alabama
san pablo,california
kahului,hawaii
del rio,texas
alice,texas
menlo park,california
south salt lake,utah
broadview heights,ohio
chanhassen,minnesota
haverhill,massachusetts
tulsa,oklahoma
high point,north carolina
san rafael,california
clovis,california
ottawa,illinois
des plaines,illinois
redland,maryland
west orange,new jersey
south vineland,new jersey
baton rouge,louisiana
butte,montana
east longmeadow,massachusetts
los banos,california
milwaukie,oregon
santa fe,new mexico
chattanooga,tennessee
spokane valley,washington
coachella,california
mission viejo,california
severna park,maryland
algonquin,illinois
green,ohio
mehlville,missouri
rancho palos verdes,california
carpentersville,illinois
aurora,ohio
dedham,massachusetts
palmer,massachusetts
eastlake,ohio
syosset,new york
dixiana,alabama
east setauket,new york
easthampton,massachusetts
livonia,michigan
silverdale,washington
catonsville,maryland
fountainebleau,florida
new hope,minnesota
seminole,florida
town 'n' country,florida
corinth,texas
lindenhurst,new york
liberal,kansas
framingham center,massachusetts
pearl city,hawaii
casa grande,arizona
mililani town,hawaii
ojus,florida
kendale lakes,florida
fairbanks,alaska
essex,maryland
three lakes,florida
beverly cove,massachusetts
taylors,south carolina
vestavia hills,alabama
salmon creek,washington
dix hills,new york
alameda,california
mountain brook,alabama
sicklerville,new jersey
groves,texas
east chicago,indiana
strongsville,ohio
rotterdam,new york
plantation,florida
bay city,michigan
west raleigh,north carolina
easton,massachusetts
union city,new jersey
nampa,idaho
bartlesville,oklahoma
norristown,pennsylvania
jonesboro,arkansas
waterloo,iowa
lehi,utah
holiday,florida
mount juliet,tennessee
estelle,louisiana
woodbury,minnesota
belmont,massachusetts
menifee,california
munster,indiana
tracy,california
sheboygan,wisconsin
wellington,florida
bloomfield,new jersey
addison,illinois
tiffin,ohio
city of sammamish,washington
taylor,michigan
bristol,rhode island
jasper,indiana
saratoga springs,new york
egypt lake-leto,florida
fall river,massachusetts
garland,texas
sandy hills,utah
elkton,maryland
harrison,new york
big spring,texas
coronado,california
rockville centre,new york
roseburg,oregon
perrysburg,ohio
miami beach,florida
scranton,pennsylvania
centralia,washington
muskogee,oklahoma
edina,minnesota
north aurora,illinois
smyrna,georgia
omaha,nebraska
avon,ohio
clarksdale,mississippi
sandusky,ohio
hazel park,michigan
tempe,arizona
west covina,california
grandville,michigan
pahrump,nevada
temple terrace,florida
norton,massachusetts
dinuba,california
kirksville,missouri
fuquay-varina,north carolina
oxnard,california
apopka,florida
new albany,indiana
old bridge,new jersey
stoneham,massachusetts
jenison,michigan
west hills,california
annapolis,maryland
jefferson city,missouri
southaven,mississippi
chaska,minnesota
appleton,wisconsin
ansonia,connecticut
hopatcong hills,new jersey
cimarron hills,colorado
orinda,california
new castle,pennsylvania
altamont,oregon
noblesville,indiana
edmonds,washington
irvington,new jersey
mount clemens,michigan
knoxville,tennessee
longmeadow,massachusetts
harrisburg,pennsylvania
hutchinson,kansas
saint clair shores,michigan
san carlos,california
tustin,california
claremont,california
immokalee,florida
west des moines,iowa
lehigh acres,florida
east hill-meridian,washington
gadsden,alabama
orcutt,california
plainfield,illinois
san leandro,california
new philadelphia,ohio
broken arrow,oklahoma
ada,oklahoma
oakland park,florida
palmdale,california
fairfield heights,indiana
central islip,new york
cathedral city,california
sunset,florida
nogales,arizona
jenks,oklahoma
oildale,california
kent,washington
fridley,minnesota
cudahy,wisconsin
whitehall township,pennsylvania
lawrence,massachusetts
oshkosh,wisconsin
san bruno,california
dalton,georgia
lake in the hills,illinois
honolulu,hawaii
iselin,new jersey
sandy springs,georgia
mastic,new york
frederickson,washington
westland,michigan
oxon hill,maryland
asbury park,new jersey
cranberry township,pennsylvania
antioch,california
central point,oregon
south burlington,vermont
sammamish,washington
catalina foothills,arizona
oak lawn,illinois
central,louisiana
damascus,maryland
kokomo,indiana
santa ana,california
louisville,colorado
clermont,florida
framingham,massachusetts
east chattanooga,tennessee
olathe,kansas
south bel air,maryland
franklin park,illinois
newburgh,new york
south yuba city,california
morton grove,illinois
socastee,south carolina
fort bragg,north carolina
kendall,florida
hopatcong,new jersey
valley station,kentucky
beavercreek,ohio
south hill,washington
massapequa park,new york
el segundo,california
pasco,washington
norwood,ohio
brookings,south dakota
fernley,nevada
west jordan,utah
novi,michigan
caledonia,wisconsin
north bay shore,new york
twinsburg,ohio
biloxi,mississippi
albert lea,minnesota
machesney park,illinois
clifton,new jersey
north lauderdale,florida
merrimack,new hampshire
kearny,new jersey
arcata,california
east lake,florida
hope mills,north carolina
woodbridge,new jersey
suitland,maryland
janesville,wisconsin
phoenix,arizona
west fargo,north dakota
lumberton,north carolina
libertyville,illinois
grand island,nebraska
mckeesport,pennsylvania
elko,nevada
portage,indiana
folsom,california
langley park,maryland
massillon,ohio
waverly,michigan
eagle,idaho
warren township,new jersey
meridian,idaho
chelmsford,massachusetts
yakima,washington
longmont,colorado
white plains,new york
saginaw,michigan
silver spring,maryland
north bergen,new jersey
cedar park,texas
seatac,washington
placentia,california
davis,california
douglas,arizona
snellville,georgia
farmington hills,michigan
evans,georgia
west milford,new jersey
st. louis,missouri
prunedale,california
milwaukee,wisconsin
westlake,ohio
depew,new york
friendswood,texas
johnstown,pennsylvania
mount pleasant,michigan
las cruces,new mexico
lakeville,minnesota
manhattan beach,california
opportunity,washington
gurnee,illinois
north charleston,south carolina
soledad,california
thomasville,north carolina
riverview,florida
canon city,colorado
truckee,california
lockport,new york
columbia,maryland
rockledge,florida
wildwood,missouri
glen cove,new york
lynn,massachusetts
wisconsin rapids,wisconsin
owatonna,minnesota
arcadia,california
san ramon,california
north providence,rhode island
owasso,oklahoma
santa cruz,california
goodlettsville,tennessee
moore,oklahoma
winter haven,florida
red wing,minnesota
northbrook,illinois
hermiston,oregon
reedley,california
candler-mcafee,georgia
south san francisco,california
fort wayne,indiana
simi valley,california
bridgeton,new jersey
iowa city,iowa
lochearn,maryland
atlantic city,new jersey
beacon,new york
camas,washington
mankato,minnesota
martha lake,washington
lakeside,florida
glenview,illinois
greater northdale,florida
klamath falls,oregon
golden glades,florida
hazel dell,washington
okemos,michigan
galesburg,illinois
greeneville,tennessee
horn lake,mississippi
auburn,massachusetts
kentwood,michigan
pampa,texas
gainesville,texas
king of prussia,pennsylvania
east riverdale,maryland
edwardsville,illinois
anchorage,alaska
oak hill,virginia
fort myers,florida
moses lake,washington
grafton,massachusetts
westminster,maryland
springfield,massachusetts
pickerington,ohio
new bedford,massachusetts
moorpark,california
city of milford (balance),connecticut
evergreen park,illinois
dayton,ohio
pleasure ridge park,kentucky
holbrook,new york
holland,michigan
sidney,ohio
west odessa,texas
secaucus,new jersey
jupiter,florida
johnson city,tennessee
gulfport,mississippi
ardmore,oklahoma
minnetonka mills,minnesota
myrtle beach,south carolina
sahuarita,arizona
palm springs,california
pelham,alabama
ontario,california
ham lake,minnesota
birmingham,alabama
upper arlington,ohio
north ridgeville,ohio
marietta,georgia
wakefield,massachusetts
imperial beach,california
huntsville,alabama
pico rivera,california
pearl,mississippi
cameron park,california
ankeny,iowa
lompoc,california
okolona,kentucky
maywood,illinois
loves park,illinois
martinez,california
norland,florida
cranford,new jersey
lansdale,pennsylvania
shoreview,minnesota
independence,kentucky
orange,new jersey
hudson,ohio
stuart,florida
woodridge,illinois
suisun,california
cherry hill,new jersey
inver grove heights,minnesota
highland park,illinois
gloucester,massachusetts
elkridge,maryland
brooklyn,new york
teaneck,new jersey
wolcott,connecticut
vero beach,florida
lynwood,california
redding,california
east pensacola heights,florida
cheektowaga,new york
oakville,missouri
broad ripple,indiana
grand junction,colorado
oswego,new york
terre haute,indiana
glen avon,california
bullhead city,arizona
monsey,new york
delray beach,florida
manitowoc,wisconsin
drexel heights,arizona
frederick,maryland
rock springs,wyoming
pottstown,pennsylvania
key west,florida
sayville,new york
leominster,massachusetts
riviera beach,florida
howard,wisconsin
highland,indiana
englewood,new jersey
socorro,texas
bayonne,new jersey
west springfield,massachusetts
bear,delaware
bessemer,alabama
holt,michigan
issaquah,washington
newburyport,massachusetts
bolingbrook,illinois
raytown,missouri
new brighton,minnesota
west whittier-los nietos,california
murray,kentucky
elmont,new york
odessa,texas
burleson,texas
paradise,california
petaluma,california
brawley,california
maple valley,washington
brooklyn center,minnesota
delaware,ohio
zanesville,ohio
prior lake,minnesota
union,new jersey
hastings,nebraska
fountain hills,arizona
greenfield,wisconsin
rosemead,california
altoona,pennsylvania
millbrae,california
bangor,maine
shelby,michigan
pleasant prairie,wisconsin
spring hill,florida
central falls,rhode island
perth amboy,new jersey
hackensack,new jersey
boynton beach,florida
north hollywood,california
greenacres city,florida
garfield,new jersey
hilton head island,south carolina
south portland gardens,maine
bel air north,maryland
morrisville,north carolina
silver firs,washington
bonney lake,washington
brentwood,california
saint paul,minnesota
coeur d'alene,idaho
potomac,maryland
hollister,california
pleasant hill,california
land o' lakes,florida
palm beach gardens,florida
brookhaven,georgia
hallandale beach,florida
champlin,minnesota
east hemet,california
piqua,ohio
carrollwood,florida
helena,montana
mint hill,north carolina
san angelo,texas
montrose,colorado
mountain top,pennsylvania
new bern,north carolina
dickinson,north dakota
west and east lealman,florida
haslett,michigan
dublin,california
south ogden,utah
rancho cucamonga,california
castle rock,colorado
winter garden,florida
steubenville,ohio
greenbelt,maryland
chicopee,massachusetts
monrovia,california
hanford,california
plymouth,minnesota
shafter,california
iron river,michigan
eustis,florida
hillside,new jersey
urbandale,iowa
wright,florida
scarsdale,new york
green haven,maryland
anthem,arizona
tempe junction,arizona
san fernando,california
davie,florida
punta gorda,florida
ferry pass,florida
lincoln,nebraska
lakeland,florida
park ridge,illinois
midwest city,oklahoma
shirley,new york
allentown,pennsylvania
collierville,tennessee
el mirage,arizona
muskegon,michigan
el paso,texas
carson city,nevada
muscatine,iowa
university city,missouri
moraga,california
painesville,ohio
east meadow,new york
cupertino,california
american canyon,california
wyandotte,michigan
pullman,washington
fort dodge,iowa
prichard,alabama
hazelwood,missouri
north little rock,arkansas
lake butler,florida
tinley park,illinois
gallatin,tennessee
sherwood,oregon
lodi,new jersey
kankakee,illinois
drexel hill,pennsylvania
sartell,minnesota
lewiston,maine
conway,arkansas
tifton,georgia
tacoma,washington
milton,massachusetts
saint michael,minnesota
philadelphia,pennsylvania
north amityville,new york
copperas cove,texas
north peoria,illinois
little rock,arkansas
poway,california
brushy creek,texas
wheat ridge,colorado
cantonment,florida
new brunswick,new jersey
chillum,maryland
mundelein,illinois
nicholasville,kentucky
kiryas joel,new york
huntington park,california
maple shade,new jersey
charlotte,north carolina
phoenixville,pennsylvania
sunnyside,washington
boulder,colorado
ashtabula,ohio
glassboro,new jersey
danvers,massachusetts
mason city,iowa
abilene,texas
anoka,minnesota
lisle,illinois
cabot,arkansas
walnut park,california
bayou cane,louisiana
winthrop,massachusetts
salinas,california
manchester,new hampshire
lawrenceville,georgia
southbridge,massachusetts
alafaya,florida
brigham city,utah
redwood city,california
plattsburgh,new york
olympia,washington
glendora,california
willmar,minnesota
walla walla,washington
saugus,massachusetts
parma heights,ohio
searcy,arkansas
long beach,california
whittier,california
buffalo grove,illinois
highview,kentucky
san pedro,california
bloomington,indiana
santa rosa,california
adelphi,maryland
pinole,california
pasadena,california
floral park,new york
roselle,illinois
wilsonville,oregon
carmichael,california
burlington,kentucky
salisbury,maryland
van buren,arkansas
attleboro,massachusetts
hinsdale,illinois
stillwater,oklahoma
maryland city,maryland
milford,massachusetts
greenburgh,new york
kaukauna,wisconsin
scottsbluff,nebraska
midvale,utah
canby,oregon
binghamton,new york
burien,washington
florence-graham,california
mentor,ohio
lakewood,washington
oak park,michigan
fullerton,california
citrus heights,california
westerville,ohio
seymour,indiana
pueblo,colorado
fair oaks,california
milford mill,maryland
corvallis,oregon
bartlett,illinois
deerfield beach,florida
east lansing,michigan
sycamore,illinois
colchester,vermont
middletown,rhode island
"washington, d.c.",district of columbia
south gate,california
medford,oregon
oak harbor,washington
jacksonville,arkansas
alpharetta,georgia
artesia,california
franklin,massachusetts
rubidoux,california
reading,massachusetts
wyoming,michigan
marblehead,massachusetts
south laurel,maryland
fords,new jersey
woodland hills,california
amsterdam,new york
saint george,utah
pace,florida
lemay,missouri
roy,utah
bellaire,texas
gallup,new mexico
san mateo,california
hanover park,illinois
bowling green,ohio
east palo alto,california
puyallup,washington
eden,north carolina
orangevale,california
coon rapids,minnesota
baltimore,maryland
south pasadena,california
west palm beach,florida
san juan capistrano,california
pleasantville,new jersey
pleasanton,california
wildomar,california
whitney,nevada
ozark,missouri
iona,florida
boston,massachusetts
salem,oregon
lemont,illinois
carteret,new jersey
bellevue,nebraska
waldorf,maryland
grand rapids,michigan
golden valley,minnesota
streetsboro,ohio
schenectady,new york
kettering,ohio
huntersville,north carolina
arlington,washington
beverly hills,california
beloit,wisconsin
arvada,colorado
paramus,new jersey
minneapolis,minnesota
country walk,florida
tallmadge,ohio
clearfield,utah
jamaica,new york
rockford,illinois
redondo beach,california
cottage grove,minnesota
agoura hills,california
stanton,california
smithfield,rhode island
bixby,oklahoma
fort pierce,florida
adrian,michigan
bay point,california
renton,washington
erie,colorado
rolling meadows,illinois
sparks,nevada
west albany,new york
north las vegas,nevada
atlanta,georgia
redmond,washington
passaic,new jersey
westbrook,maine
gladstone,missouri
willimantic,connecticut
clemmons,north carolina
woodlawn,maryland
citrus park,florida
compton,california
enid,oklahoma
north valley stream,new york
farmington,utah
alliance,ohio
twin falls,idaho
neenah,wisconsin
santa barbara,california
winter gardens,california
windham,connecticut
westport,connecticut
bloomingdale,florida
romulus,michigan
donna,texas
fair lawn,new jersey
utica,new york
sierra vista,arizona
south plainfield,new jersey
rogers,arkansas
seaford,new york
sherrelwood,colorado
mattoon,illinois
warren,ohio
coventry,rhode island
billings,montana
miramar,florida
carson,california
ukiah,california
ames,iowa
watsonville,california
richland,washington
coral gables,florida
hot springs national park,arkansas
bainbridge island,washington
battle ground,washington
lake worth,florida
colorado springs,colorado
daytona beach,florida
forest hills,michigan
setauket-east setauket,new york
salina,kansas
manteca,california
sandy city,utah
upper alton,illinois
grosse pointe woods,michigan
forest grove,oregon
savannah,georgia
flagami,florida
kearney,nebraska
grandview,missouri
williamsport,pennsylvania
port angeles,washington
coconut grove,florida
boone,north carolina
cheyenne,wyoming
north bel air,maryland
south boston,massachusetts
logansport,indiana
flagstaff,arizona
thousand oaks,california
roanoke rapids,north carolina
takoma park,maryland
statesville,north carolina
palm city,florida
east orange,new jersey
waterford,michigan
maple grove,minnesota
metairie,louisiana
alton,illinois
commack,new york
rancho santa margarita,california
east massapequa,new york
wahiawa,hawaii
gatesville,texas
romeoville,illinois
peoria,arizona
tumwater,washington
north fort myers,florida
overland,missouri
monroeville,pennsylvania
holladay,utah
palo alto,california
meads,kentucky
north chicago,illinois
marshfield,wisconsin
clearlake,california
napa,california
hamilton,ohio
corsicana,texas
north miami,florida
franklin square,new york
rocklin,california
germantown,tennessee
weirton heights,west virginia
irvine,california
oviedo,florida
summerlin south,nevada
redlands,california
miamisburg,ohio
oregon,ohio
simpsonville,south carolina
belleville,illinois
waterville,maine
zion,illinois
anderson,south carolina
oconomowoc,wisconsin
twentynine palms,california
south orange,new jersey
los angeles,california
clive,iowa
fairborn,ohio
linden,new jersey
san luis obispo,california
natchez,mississippi
cutler,florida
wilkes-barre,pennsylvania
cottonwood heights,utah
palisades park,new jersey
springdale,arkansas
waltham,massachusetts
east point,georgia
yorkville,illinois
lindenwold,new jersey
el dorado hills,california
trenton,michigan
pomona,california
castlewood,colorado
springville,utah
north massapequa,new york
yucca valley,california
port saint lucie,florida
boyle heights,california
elmhurst,illinois
sapulpa,oklahoma
durango,colorado
eugene,oregon
prospect heights,illinois
orlando,florida
lents,oregon
maricopa,arizona
saco,maine
asheboro,north carolina
alsip,illinois
medina,ohio
vancouver,washington
lake ronkonkoma,new york
coralville,iowa
kirkwood,missouri
joliet,illinois
austintown,ohio
chino hills,california
carrollwood village,florida
west pensacola,florida
coney island,new york
eagle river,alaska
costa mesa,california
back mountain,pennsylvania
colton,california
wayne,new jersey
muskego,wisconsin
hopkins,minnesota
greenwood,south carolina
duluth,minnesota
amherst center,massachusetts
pontiac,michigan
west saint paul,minnesota
union hill-novelty hill,washington
middleton,wisconsin
holden,massachusetts
woonsocket,rhode island
houston,texas
pittsburgh,pennsylvania
berkeley,california
barstow heights,california
rialto,california
arlington heights,illinois
melville,new york
bellwood,illinois
cutler ridge,florida
pawtucket,rhode island
farmingville,new york
willowbrook,california
enterprise,nevada
el monte,california
glen ellyn,illinois
haines city,florida
wade hampton,south carolina
college station,texas
tuscaloosa,alabama
cape coral,florida
desoto,texas
north decatur,georgia
bridgeview,illinois
decatur,georgia
darien,illinois
gary,indiana
laramie,wyoming
santa paula,california
grayslake,illinois
enchanted hills,new mexico
wilson,north carolina
miami lakes,florida
brookfield,wisconsin
plum,pennsylvania
adelanto,california
harvey,louisiana
bellview,florida
clearwater,florida
parma,ohio
farragut,tennessee
saint joseph,missouri
norton shores,michigan
crystal,minnesota
montebello,california
south saint paul,minnesota
ann arbor,michigan
plant city,florida
dana point,california
cinco ranch,texas
centennial,colorado
monterey,california
lexington,kentucky
chula vista,california
bettendorf,iowa
gaithersburg,maryland
ogden,utah
prescott valley,arizona
blue springs,missouri
brooklyn park,minnesota
pacifica,california
south milwaukee,wisconsin
owensboro,kentucky
myrtle grove,florida
west chicago,illinois
hobbs,new mexico
grand prairie,texas
wesley chapel,florida
la vista,nebraska
punta gorda isles,florida
westford,massachusetts
boca del mar,florida
horizon city,texas
ashland,massachusetts
ocean springs,mississippi
pine hills,florida
uniondale,new york
oregon city,oregon
fillmore,california
wailuku,hawaii
wadsworth,ohio
forest lake,minnesota
san carlos park,florida
north chicopee,massachusetts
phenix city,alabama
opelika,alabama
round lake,illinois
bellingham,washington
eastchester,new york
barnstable,massachusetts
newton,kansas
granite city,illinois
buena park,california
sayreville junction,new jersey
beaver dam,wisconsin
yorba linda,california
rancho san diego,california
hayesville,oregon
burlingame,california
inglewood-finn hill,washington
bayshore gardens,florida
camden,new jersey
allison park,pennsylvania
port hueneme,california
west hollywood,california
leavenworth,kansas
lake charles,louisiana
westchase,florida
glassmanor,maryland
arden-arcade,california
azusa,california
fontana,california
north arlington,new jersey
east moline,illinois
ithaca,new york
lutz,florida
west melbourne,florida
east peoria,illinois
bourbonnais,illinois
badger,alaska
north ogden,utah
columbine,colorado
sebastian,florida
east lake-orient park,florida
morganton,north carolina
bayside,california
sunrise,florida
atascadero,california
athens,georgia
batavia,illinois
layton,utah
hueytown,alabama
benbrook,texas
mansfield,ohio
hempstead,new york
menomonie,wisconsin
reynoldsburg,ohio
northampton,massachusetts
asheville,north carolina
seal beach,california
dixon,illinois
butte-silver bow (balance),montana
bradley,illinois
melbourne,florida
mesa,arizona
pooler,georgia
carlisle,pennsylvania
easley,south carolina
east los angeles,california
aventura,florida
cypress,california
ramona,california
palm bay,florida
avondale,arizona
kingsland,georgia
sugar hill,georgia
galveston,texas
dyersburg,tennessee
bethpage,new york
canton,georgia
altadena,california
randolph,massachusetts
rutland,vermont
west sacramento,california
toledo,ohio
elkhart,indiana
elk grove village,illinois
malden,massachusetts
lima,ohio
shakopee,minnesota
mayfield heights,ohio
willow grove,pennsylvania
ironville,kentucky
arvin,california
bryant,arkansas
converse,texas
griffin,georgia
shreveport,louisiana
cheshire,connecticut
sayreville,new jersey
el reno,oklahoma
baldwin,new york
maumelle,arkansas
north tustin,california
grapevine,texas
wenatchee,washington
saint petersburg,florida
oro valley,arizona
hibbing,minnesota
crystal lake,illinois
apex,north carolina
glenvar heights,florida
turlock,california
princeton,florida
deerfield,illinois
modesto,california
massapequa,new york
bay shore,new york
gilroy,california
sun city center,florida
freeport,new york
barberton,ohio
creve coeur,missouri
norwalk,california
portland,oregon
elizabeth city,north carolina
west puente valley,california
tonawanda,new york
san jacinto,california
quincy,massachusetts
kailua,hawaii
spokane,washington
oak forest,illinois
torrance,california
overland park,kansas
security-widefield,colorado
starkville,mississippi
ives estates,florida
pensacola,florida
schofield barracks,hawaii
lenoir,north carolina
new orleans,louisiana
kennesaw,georgia
rosedale,maryland
safety harbor,florida
lowell,massachusetts
yucaipa,california
mitchell,south dakota
cleburne,texas
kansas city,kansas
dekalb,illinois
tamiami,florida
chicago heights,illinois
granger,indiana
marysville,washington
tukwila,washington
wyckoff,new jersey
boardman,ohio
trotwood,ohio
chatsworth,california
wilmette,illinois
michigan city,indiana
hickory,north carolina
hammond,indiana
hanover,massachusetts
coral terrace,florida
downers grove,illinois
north miami beach,florida
winter park,florida
garfield heights,ohio
poughkeepsie,new york
des moines,iowa
fort smith,arkansas
white bear lake,minnesota
somerville,massachusetts
santa monica,california
coral springs,florida
faribault,minnesota
hawthorne,california
sanford,florida
concord,missouri
mount laurel,new jersey
lake shore,maryland
lackawanna,new york
saint louis park,minnesota
northport,alabama
westchester,florida
indianapolis,indiana
gardena,california
country club hills,illinois
pendleton,oregon
peachtree city,georgia
landover,maryland
paso robles,california
hyattsville,maryland
port orange,florida
bethlehem,pennsylvania
hermosa beach,california
indio,california
riverbank,california
sacramento,california
wauwatosa,wisconsin
conyers,georgia
merced,california
allendale,michigan
elmwood park,illinois
tarpon springs,florida
hialeah,florida
richfield,minnesota
morristown,new jersey
penn hills,pennsylvania
winona,minnesota
woodmere,new york
rutherford,new jersey
kannapolis,north carolina
bridgeport,connecticut
whitehall,ohio
ruskin,florida
arnold,missouri
oakland,california
leawood,kansas
odenton,maryland
conroe,texas
mira loma,california
braintree,massachusetts
hurst,texas
lubbock,texas
york,pennsylvania
bergenfield,new jersey
bethel park,pennsylvania
normal,illinois
burnsville,minnesota
gilbert,arizona
mount prospect,illinois
san clemente,california
taylorsville,utah
kenner,louisiana
draper,utah
elizabethtown,kentucky
lansing,michigan
woburn,massachusetts
weymouth,massachusetts
bismarck,north dakota
avon lake,ohio
south river,new jersey
berea,ohio
marina,california
buffalo,minnesota
college park,maryland
sylvania,ohio
milpitas,california
reno,nevada
seattle,washington
jasmine estates,florida
florida ridge,florida
cibolo,texas
sulphur,louisiana
east ridge,tennessee
eagle mountain,utah
spanaway,washington
el centro,california
norco,california
wekiwa springs,florida
barrington,rhode island
cerritos,california
vineland,new jersey
mokena,illinois
belvedere park,georgia
niagara falls,new york
green valley,arizona
scotch plains,new jersey
woodstock,illinois
hillcrest heights,maryland
lorain,ohio
dracut,massachusetts
goodyear,arizona
wilkinsburg,pennsylvania
brookline,massachusetts
albany,new york
madisonville,kentucky
carney,maryland
aiken,south carolina
sedalia,missouri
bend,oregon
temecula,california
islip,new york
wichita,kansas
cooper city,florida
fort thomas,kentucky
stow,ohio
millville,new jersey
casper,wyoming
camarillo,california
loma linda,california
highland village,texas
miami,florida
avenel,new jersey
deltona,florida
margate,florida
sarasota,florida
derry,new hampshire
echo park,california
the bronx,new york
cortland,new york
elyria,ohio
the hammocks,florida
norman,oklahoma
cumberland,maryland
la crescenta-montrose,california
chelsea,massachusetts
peabody,massachusetts
mesquite,nevada
macomb,illinois
rowland heights,california
marquette,michigan
belle glade,florida
north potomac,maryland
west islip,new york
rome,georgia
alexandria,louisiana
spanish fork,utah
fern creek,kentucky
montgomery village,maryland
san tan valley,arizona
panama city,florida
cloverly,maryland
los altos,california
south san jose hills,california
fairhope,alabama
allen,texas
west mifflin,pennsylvania
havelock,north carolina
oxford,mississippi
provo,utah
alum rock,california
frisco,texas
san gabriel,california
pleasant grove,utah
south jordan,utah
yuba city,california
rye,new york
lee's summit,missouri
murrieta,california
round lake beach,illinois
newport beach,california
rosemount,minnesota
stoughton,massachusetts
pueblo west,colorado
edgewood,maryland
gautier,mississippi
brenham,texas
dumont,new jersey
fort worth,texas
tillmans corner,alabama
collinsville,illinois
port charlotte,florida
westmont,california
dover,delaware
long branch,new jersey
deland,florida
moline,illinois
rossville,maryland
west linn,oregon
brentwood estates,tennessee
minnetonka,minnesota
hanahan,south carolina
makakilo city,hawaii
pikesville,maryland
dubuque,iowa
tupelo,mississippi
west seneca,new york
parkville,maryland
marlborough,massachusetts
long island city,new york
mobile,alabama
lake zurich,illinois
fort lee,new jersey
merrillville,indiana
mason,ohio
hilo,hawaii
goshen,indiana
valdosta,georgia
kingman,arizona
dyer,indiana
cedar city,utah
tanque verde,arizona
covina,california
north canton,ohio
saint andrews,south carolina
washington,illinois
johnston,iowa
yonkers,new york
perris,california
apple valley,minnesota
southgate,michigan
hilliard,ohio
foothill farms,california
deer park,new york
elmira,new york
fairhaven,massachusetts
south old bridge,new jersey
ewa gentry,hawaii
fort washington,maryland
solon,ohio
williamstown,new jersey
corcoran,california
sioux falls,south dakota
elk river,minnesota
mauldin,south carolina
beltsville,maryland
mckinleyville,california
bell,california
derry village,new hampshire
pittsfield,massachusetts
humble,texas
andover,minnesota
duarte,california
missoula,montana
stockbridge,georgia
port huron,michigan
spartanburg,south carolina
bayonet point,florida
east concord,new hampshire
lealman,florida
warner robins,georgia
doral,florida
ocoee,florida
cuyahoga falls,ohio
oak creek,wisconsin
ballenger creek,maryland
north port,florida
idaho falls,idaho
wilmington,north carolina
nixa,missouri
inglewood,california
kenmore,washington
san diego,california
elizabeth,new jersey
baytown,texas
granite bay,california
canyon lake,texas
blytheville,arkansas
oakley,california
boca raton,florida
shaker heights,ohio
fairfield,ohio
kalamazoo,michigan
leisure city,florida
moscow,idaho
charleston,south carolina
kings park,new york
kearns,utah
cambridge,massachusetts
laurinburg,north carolina
east northport,new york
ken caryl,colorado
chapel hill,north carolina
hialeah gardens,florida
rosamond,california
tucker,georgia
sun city,arizona
south el monte,california
amherst,new york
desert hot springs,california
ronkonkoma,new york
lyndhurst,new jersey
siloam springs,arkansas
watertown,massachusetts
middleburg heights,ohio
bell gardens,california
hot springs,arkansas
west memphis,arkansas
west scarborough,maine
holyoke,massachusetts
fairwood,washington
pittsburg,kansas
seabrook,maryland
youngstown,ohio
redan,georgia
atwater,california
anaheim,california
bostonia,california
palm harbor,florida
prescott,arizona
east providence,rhode island
edmond,oklahoma
ocean acres,new jersey
east florence,alabama
hayward,california
needham,massachusetts
dearborn,michigan
ramsey,minnesota
johns creek,georgia
wallingford center,connecticut
coram,new york
west coon rapids,minnesota
bakersfield,california
winston-salem,north carolina
slidell,louisiana
riverton,utah
ossining,new york
cookeville,tennessee
tewksbury,massachusetts
port chester,new york
rolla,missouri
rock hill,south carolina
graham,washington
east brunswick,new jersey
greenville,texas
fort collins,colorado
suwanee,georgia
new city,new york
duncan,oklahoma
forest park,georgia
daphne,alabama
mountlake terrace,washington
memphis,tennessee
the villages,florida
nipomo,california
temple city,california
alhambra,california
northfield,minnesota
bountiful,utah
tooele,utah
santa fe springs,california
university,florida
fresno,texas
buckeye,arizona
allen park,michigan
mount lebanon,pennsylvania
brook park,ohio
north plainfield,new jersey
hoover,alabama
benicia,california
hunt valley,maryland
sumter,south carolina
mandan,north dakota
biddeford,maine
cartersville,georgia
bowie,maryland
yukon,oklahoma
anacortes,washington
morton,illinois
universal city,california
hercules,california
towson,maryland
sioux city,iowa
brunswick,georgia
west hempstead,new york
auburn hills,michigan
aspen hill,maryland
west hartford,connecticut
houma,louisiana
jeffersonville,indiana
saratoga,california
delano,california
sunny isles beach,florida
saint peters,missouri
oak ridge,tennessee
leesburg,florida
florissant,missouri
hicksville,new york
federal way,washington
joplin,missouri
weston,florida
davenport,iowa
abington,massachusetts
novato,california
laplace,louisiana
portsmouth,new hampshire
eden prairie,minnesota
mableton,georgia
sunrise manor,nevada
campbell,california
waukegan,illinois
poplar bluff,missouri
midland,texas
pascagoula,mississippi
ottumwa,iowa
walker,michigan
danville,illinois
west carson,california
hereford,texas
wilton,connecticut
san bernardino,california
encinitas,california
los gatos,california
sheridan,wyoming
burbank,illinois
riverdale,georgia
savage,minnesota
galt,california
marana,arizona
palos hills,illinois
thornton,colorado
hermitage,pennsylvania
mchenry,illinois
keene,new hampshire
estero,florida
cleveland,ohio
west lake sammamish,washington
royal oak,michigan
superior,wisconsin
lynn haven,florida
green bay,wisconsin
makakilo,hawaii
denton,texas
euclid,ohio
eagan,minnesota
northglenn,colorado
duncanville,texas
bethany,oklahoma
oceanside,new york
pocatello,idaho
cicero,illinois
keizer,oregon
el cerrito,california
new lenox,illinois
bozeman,montana
beverly,massachusetts
niles,ohio
streamwood,illinois
kirkland,washington
west allis,wisconsin
springboro,ohio
north druid hills,georgia
durant,oklahoma
